{
    "root_group": {
        "id": "d41d8cd98f00b204e9800998ecf8427e",
        "groups": {},
        "checks": {
                "status is 201": {
                    "path": "::status is 201",
                    "id": "ec8c9afd59577ad0eb26fbf150ecf791",
                    "passes": 1500,
                    "fails": 0,
                    "name": "status is 201"
                },
                "response has shortCode": {
                    "path": "::response has shortCode",
                    "id": "851794550409a550a5d4e3525f2eea29",
                    "passes": 1500,
                    "fails": 0,
                    "name": "response has shortCode"
                }
            },
        "name": "",
        "path": ""
    },
    "metrics": {
        "http_req_duration{expected_response:true}": {
            "med": 3.0855230000000002,
            "max": 17.341935,
            "p(90)": 5.954891100000004,
            "p(95)": 9.990844549999998,
            "p(99)": 12.27564726,
            "avg": 3.804929599333327,
            "min": 2.549706
        },
        "iterations": {
            "count": 1500,
            "rate": 50.0024790545748
        },
        "http_req_duration": {
            "p(99)": 12.27564726,
            "avg": 3.804929599333327,
            "min": 2.549706,
            "med": 3.0855230000000002,
            "max": 17.341935,
            "p(90)": 5.954891100000004,
            "p(95)": 9.990844549999998,
            "thresholds": {
                "p(95)<2000": false,
                "p(99)<4000": false
            }
        },
        "data_received": {
            "count": 574863,
            "rate": 19163.050077833355
        },
        "http_reqs": {
            "count": 1500,
            "rate": 50.0024790545748
        },
        "http_req_connecting": {
            "avg": 0.010152187333333331,
            "min": 0,
            "med": 0,
            "max": 0.810635,
            "p(90)": 0,
            "p(95)": 0,
            "p(99)": 0.28498200999999995
        },
        "iteration_duration": {
            "avg": 4.071954625333327,
            "min": 2.7309,
            "med": 3.2937700000000003,
            "max": 17.968668,
            "p(90)": 6.319086100000001,
            "p(95)": 10.7920122,
            "p(99)": 13.651987640000002
        },
        "http_req_sending": {
            "min": 0.0115,
            "med": 0.030902,
            "max": 0.463877,
            "p(90)": 0.07912410000000002,
            "p(95)": 0.14092815,
            "p(99)": 0.17922501,
            "avg": 0.04160083933333329
        },
        "vus": {
            "value": 0,
            "min": 0,
            "max": 1
        },
        "checks": {
            "fails": 0,
            "passes": 3000,
            "thresholds": {
                "rate>0.99": false
            },
            "value": 1
        },
        "http_req_blocked": {
            "p(99)": 0.42046610999999945,
            "avg": 0.021008421333333378,
            "min": 0.0033,
            "med": 0.0048,
            "max": 1.163494,
            "p(90)": 0.0138993,
            "p(95)": 0.017306099999999994
        },
        "http_req_waiting": {
            "p(95)": 9.581088299999998,
            "p(99)": 11.68949748,
            "avg": 3.677575970666666,
            "min": 2.46001,
            "med": 2.9902745,
            "max": 17.014717,
            "p(90)": 5.762760200000003
        },
        "http_req_tls_handshaking": {
            "max": 0,
            "p(90)": 0,
            "p(95)": 0,
            "p(99)": 0,
            "avg": 0,
            "min": 0,
            "med": 0
        },
        "data_sent": {
            "count": 353230,
            "rate": 11774.917117631638
        },
        "create_short_url_duration": {
            "p(95)": 9.990844549999998,
            "p(99)": 12.27564726,
            "avg": 3.804929599333327,
            "min": 2.549706,
            "med": 3.0855230000000002,
            "max": 17.341935,
            "p(90)": 5.954891100000004,
            "thresholds": {
                "p(95)<2000": false,
                "p(99)<4000": false
            }
        },
        "http_req_failed": {
            "passes": 0,
            "fails": 1500,
            "thresholds": {
                "rate<0.5": false
            },
            "value": 0
        },
        "http_req_receiving": {
            "med": 0.066911,
            "max": 0.886351,
            "p(90)": 0.11447740000000009,
            "p(95)": 0.20753784999999972,
            "p(99)": 0.35733361999999985,
            "avg": 0.08575278933333345,
            "min": 0.040402
        },
        "vus_max": {
            "value": 50,
            "min": 50,
            "max": 50
        }
    }
}